{"test_metric": 0.11682878803937002, "_timestamp": 1672921951.1419325, "_runtime": 6.646512508392334, "_step": 99, "_wandb": {"runtime": 68}}